[
  {
    "id": "1adc1db4-78e5-4f63-98f5-13bf26609750",
    "name": "NIKE NEW Sneakers",
    "price": 99,
    "quantity": 41
  },
  {
    "id": "aff787df-5aaf-4335-b801-7d2d038d80ee",
    "name": "T-shirt",
    "price": 499,
    "quantity": 49
  },
  {
    "id": "5cb0aff9-b1a8-4b05-b569-77bdf2d8f880",
    "name": "Watch",
    "price": 1999,
    "quantity": 36
  },
  {
    "id": "83d03f50-7b41-4c3a-bd8a-cc08183634e5",
    "name": "Belt",
    "price": 399,
    "quantity": 32
  },
  {
    "id": "1a9322ef-ab4e-4bdb-afe8-a6b621ab3891",
    "name": "T-shirt",
    "price": 499,
    "quantity": 11
  },
  {
    "id": "895e3da3-f8d1-4c90-a98d-bddceb48e38f",
    "name": "Jeans",
    "price": 899,
    "quantity": 11
  },
  {
    "id": "1a9322ef-ab4e-4bdb-afe8-a6b621ab3891",
    "name": "T-shirt",
    "price": 499,
    "quantity": 11
  }
]