{
  "info": {
    "name": "Shopping Cart API",
    "_postman_id": "f43a4c3f-74e3-4d58-a3e2-fakeid123456",
    "description": "API collection for the Shopping Cart application",
    "schema": "https://schema.getpostman.com/json/collection/v2.1.0/collection.json"
  },
  "item": [
    {
      "name": "Get All Products",
      "request": {
        "method": "GET",
        "header": [],
        "url": {
          "raw": "http://localhost:3000/products",
          "protocol": "http",
          "host": [
            "localhost"
          ],
          "port": "3000",
          "path": [
            "products"
          ]
        }
      }
    },
    {
      "name": "Get Cart Items",
      "request": {
        "method": "GET",
        "header": [],
        "url": {
          "raw": "http://localhost:3000/cart",
          "protocol": "http",
          "host": [
            "localhost"
          ],
          "port": "3000",
          "path": [
            "cart"
          ]
        }
      }
    },
    {
      "name": "Get Cart Item by ID",
      "request": {
        "method": "GET",
        "header": [],
        "url": {
          "raw": "http://localhost:3000/cart/:id",
          "protocol": "http",
          "host": [
            "localhost"
          ],
          "port": "3000",
          "path": [
            "cart",
            ":id"
          ]
        }
      }
    },
    {
      "name": "Add Cart Item",
      "request": {
        "method": "POST",
        "header": [
          {
            "key": "Content-Type",
            "value": "application/json"
          }
        ],
        "body": {
          "mode": "raw",
          "raw": "{\n  \"name\": \"Sample Product\",\n  \"price\": 123,\n  \"quantity\": 2\n}"
        },
        "url": {
          "raw": "http://localhost:3000/cart",
          "protocol": "http",
          "host": [
            "localhost"
          ],
          "port": "3000",
          "path": [
            "cart"
          ]
        }
      }
    },
    {
      "name": "Update Cart Item",
      "request": {
        "method": "PUT",
        "header": [
          {
            "key": "Content-Type",
            "value": "application/json"
          }
        ],
        "body": {
          "mode": "raw",
          "raw": "{\n  \"name\": \"Updated Product\",\n  \"price\": 200,\n  \"quantity\": 5\n}"
        },
        "url": {
          "raw": "http://localhost:3000/cart/:id",
          "protocol": "http",
          "host": [
            "localhost"
          ],
          "port": "3000",
          "path": [
            "cart",
            ":id"
          ]
        }
      }
    },
    {
      "name": "Delete Cart Item",
      "request": {
        "method": "DELETE",
        "header": [],
        "url": {
          "raw": "http://localhost:3000/cart/:id",
          "protocol": "http",
          "host": [
            "localhost"
          ],
          "port": "3000",
          "path": [
            "cart",
            ":id"
          ]
        }
      }
    }
  ]
}